[
  {
    "id": 1,
    "title": "Pelajar Korea V1",
    "fileId": "BAACAgEAAxkBAAOwaTIGGXcEyJaaIfpRqLG0GJ5DaP0AAnwHAAIVlohFjEh9jvXTDkk2BA",
    "caption": "Pelajar Korea V1",
    "command": "pelajarkoreav1",
    "deleted": false
  },
  {
    "id": 2,
    "title": "Pelajar Korea V2",
    "fileId": "BAACAgEAAxkBAAOxaTIGGZJ-wjF-FTa39AOFmQ9fQ4oAAn0HAAIVlohFFDem-lc0p5w2BA",
    "caption": "Pelajar Korea V2",
    "command": "pelajarkoreav2",
    "deleted": false
  },
  {
    "id": 3,
    "title": "Di goyang ayang",
    "fileId": "BAACAgUAAxkBAAOcaTIF6jLMaeFjGhQDa_AY8UJcjDIAAgIbAAIOYVhVsS2STBBiMKU2BA",
    "caption": "Di goyang ayang",
    "command": "digoyangayang",
    "deleted": false
  },
  {
    "id": 4,
    "title": "Dedek imut",
    "fileId": "BAACAgUAAxkBAAOdaTIF6ukkHAx6TUmSwbE6csv-lBUAAgMbAAJPooBVxPR7VEXh1jU2BA",
    "caption": "Dedek imut",
    "command": "dedekimut",
    "deleted": false
  },
  {
    "id": 5,
    "title": "lagi Mandi",
    "fileId": "BAACAgUAAxkBAAORaTIFzPzA7a6CC2JXYL_ncnRVftsAAt0cAAJe_JBXhz_gk8WFXUY2BA",
    "caption": "lagi Mandi",
    "command": "lagimandi",
    "deleted": false
  },
  {
    "id": 6,
    "title": "Dede Imel V1",
    "fileId": "BAACAgEAAxkBAANfaTIFGJxEJtTO3LT-SQHkWqejDzAAAi0IAAJnAAE4RRLrQZYjAAFJHTYE",
    "caption": "Dede Imel V1",
    "command": "dedeimelv1",
    "deleted": false
  },
  {
    "id": 7,
    "title": "Dede Imel V2",
    "fileId": "BAACAgEAAxkBAANgaTIFGOeXVkCjbd3Lu3Ys4kMizjgAAjEIAAJnAAE4RUKh7GONqUnjNgQ",
    "caption": "Dede Imel V2",
    "command": "dedeimelv2",
    "deleted": false
  },
  {
    "id": 8,
    "title": "hijab V1",
    "fileId": "BAACAgEAAxkBAANTaTIE8OszkALySYl1PWu7YPj3cKcAAl4FAAKdEIlFTkjvY6ZTZuU2BA",
    "caption": "hijab V1",
    "command": "hijabv1",
    "deleted": false
  },
  {
    "id": 9,
    "title": "Dinda v1",
    "fileId": "BAACAgUAAxkBAAMDaTH-v0UosiyBjJeDMvUKrN0iUZAAApMVAAL5HuFWi10yi53McEE2BA",
    "caption": "Dinda v1",
    "command": "dindav1",
    "deleted": false
  },
  {
    "id": 10,
    "title": "Dinda v2",
    "fileId": "BAACAgUAAxkBAAMEaTH-v7tlqcGu2eEcJPWHlUFxe3wAAuYcAALPoCFUHG0ZS8lp5eY2BA",
    "caption": "Dinda v2",
    "command": "dindav2",
    "deleted": false
  },
  {
    "id": 11,
    "title": "Sama Ayang",
    "fileId": "BAACAgUAAxkBAAIBIGkyDCxDXQk2JGnbfYfh8m6k7KxoAAIGGwACDmFYVQhuy7YZTNclNgQ",
    "caption": "Sama Ayang",
    "command": "samaayang",
    "deleted": false
  },
  {
    "id": 12,
    "title": "PrankOjol",
    "fileId": "BAACAgUAAxkBAAIBLWkyDHsYZ2VUcnYvGkQCIgJoVSVTAAIQGgACe8AhVWAldMUWLJ_-NgQ",
    "caption": "PrankOjol",
    "command": "prankojol",
    "deleted": false
  },
  {
    "id": 13,
    "title": "cosplayer",
    "fileId": "BAACAgEAAxkBAAIBOGkyDMIgfrOB8DkDEGtX1kOrT-EfAAJLBgACFZaARTAS2tq9oxk-NgQ",
    "caption": "cosplayer",
    "command": "cosplayer",
    "deleted": false
  },
  {
    "id": 14,
    "title": "Hijab V2",
    "fileId": "BAACAgUAAxkBAAIBRWkyDPf0JRpFjGZrQaGEdsRk71HiAAKAHQACEWCBVUDvP0r581SsNgQ",
    "caption": "Hijab V2",
    "command": "hijabv2",
    "deleted": false
  },
  {
    "id": 15,
    "title": "Masih Pink",
    "fileId": "BAACAgEAAxkBAAIBRGkyDPfJFbs4nTLUR25Gnt51PaCbAAJFBgACFZaARVT7uZenZGEgNgQ",
    "caption": "Masih Pink",
    "command": "masihpink",
    "deleted": false
  },
  {
    "id": 16,
    "title": "cosplayer V2",
    "fileId": "BAACAgEAAxkBAAIBWGkyDU3_dfZ1_-_kD46bKO8eO7bBAAJMBgACFZaARZa9XIX71lhRNgQ",
    "caption": "cosplayer V2",
    "command": "cosplayerv2",
    "deleted": false
  },
  {
    "id": 17,
    "title": "Cosplayer V3",
    "fileId": "BAACAgEAAxkBAAIBWWkyDU2u1ZhjcjJUdj1lij6hSbImAAJNBgACFZaARSrBacTfAkjdNgQ",
    "caption": "Cosplayer V3",
    "command": "cosplayerv3",
    "deleted": false
  },
  {
    "id": 18,
    "title": "Colmek",
    "fileId": "BAACAgEAAxkBAAIBbGkyDbUsmAU7lILterViOI77j5XEAAJDBgACFZaARXCAnDbhnqkNNgQ",
    "caption": "Colmek",
    "command": "colmek",
    "deleted": false
  },
  {
    "id": 19,
    "title": "Di Ajak Tante",
    "fileId": "BAACAgEAAxkBAAIBbWkyDbWCfOjaS6jZFmmsGLNgh7raAAJEBgACFZaARUa-7RWU4CxRNgQ",
    "caption": "Di Ajak Tante",
    "command": "diajaktante",
    "deleted": false
  },
  {
    "id": 20,
    "title": "Hijab V3",
    "fileId": "BAACAgUAAxkBAAIBgmkyDjjgH9kOYy0luJOcD67FpFNXAAK4GwACP554VSXsjhQxVXWRNgQ",
    "caption": "Hijab V3",
    "command": "hijabv3",
    "deleted": false
  },
  {
    "id": 21,
    "title": "Adek Montok V1",
    "fileId": "BAACAgEAAxkBAAIBjGkyDpSPXJaP9w2ezFZpcXkVo6GRAALlBQACeAt4RVChh8lYfUgMNgQ",
    "caption": "Adek Montok V1",
    "command": "adekmontokv1",
    "deleted": false
  },
  {
    "id": 22,
    "title": "Adek Montok V2",
    "fileId": "BAACAgEAAxkBAAIBjWkyDpSAjldlimpc3GDsO4N5XgNgAALjBQACeAt4RUvW7qNp94IJNgQ",
    "caption": "Adek Montok V2",
    "command": "adekmontokv2",
    "deleted": false
  },
  {
    "id": 23,
    "title": "SokPolos",
    "fileId": "BAACAgUAAxkBAAIBoGkyDvZZYHXZp9boj5eDh6VzZnqhAAILHgACGSYZV4L1KN4dbiNFNgQ",
    "caption": "SokPolos",
    "command": "sokpolos",
    "deleted": false
  },
  {
    "id": 24,
    "title": "CewekCantik",
    "fileId": "BAACAgQAAxkBAAIBoWkyDvYBUbqK3Y8ZENUeHiRQKF_dAAJJHAACOrhQURyf-V-ojgk0NgQ",
    "caption": "CewekCantik",
    "command": "cewekcantik",
    "deleted": false
  },
  {
    "id": 25,
    "title": "Tante V1",
    "fileId": "BAACAgUAAxkBAAIBtGkyD3O2rKi8O01ZSpn3r1BUm2MfAAKrGgACj3BgVQnaTpF2_CYHNgQ",
    "caption": "Tante V1",
    "command": "tantev1",
    "deleted": false
  },
  {
    "id": 26,
    "title": "Tante V2",
    "fileId": "BAACAgUAAxkBAAIBtWkyD3OZ_iVOL_t3tF769ixciWWwAAKgGgACj3BgVSdmsiuJl60hNgQ",
    "caption": "Tante V2",
    "command": "tantev2",
    "deleted": false
  },
  {
    "id": 27,
    "title": "Di Ajak Ayang",
    "fileId": "BAACAgUAAxkBAAIBtmkyD3PUYq-6Dj_ddYp-wHq5PrkmAAJoCwACqNfpVusvqMlkpN3-NgQ",
    "caption": "Di Ajak Ayang",
    "command": "diajakayang",
    "deleted": false
  },
  {
    "id": 28,
    "title": "Di Ajak Ayang V2",
    "fileId": "BAACAgUAAxkBAAIBt2kyD3N8xONDPLCnKLv6BuyB9UZ8AAKACwACqNfpVioPxV0Vjqf3NgQ",
    "caption": "Di Ajak Ayang V2",
    "command": "diajakayangv2",
    "deleted": false
  },
  {
    "id": 29,
    "title": "seccyaz tiktok",
    "fileId": "BAACAgUAAxkBAAIKZWkz2oeZnQVhfx96iipSzQymV2q1AAJ6GgACVhKZVaVQEI6ls9iYNgQ",
    "caption": "seccyaz1",
    "command": "seccyaztiktok",
    "deleted": false
  },
  {
    "id": 30,
    "title": "Sama Pacar Di Toilet",
    "fileId": "BAACAgUAAxkBAAIL7Wkz6YBllo8v3kzCep657KIcUVFtAAKUHAACfR5xVVoc7Sw3rd3pNgQ",
    "caption": "Sama Pacar Di Toilet",
    "command": "samapacarditoilet",
    "deleted": false
  },
  {
    "id": 31,
    "title": "dewi tiktok",
    "fileId": "BAACAgUAAxkBAAIMJ2kz6ea5iH56zc4EnHeAZ1Q7wm9EAAKTHQACoeRJVJrNxijyJtZiNgQ",
    "caption": "dewi tiktok",
    "command": "dewitiktok",
    "deleted": false
  },
  {
    "id": 32,
    "title": "aqila sabila colmek",
    "fileId": "BAACAgEAAxkBAAIMY2kz6ipipsyKmVFveEHQYjDKx7W_AAISCgACnRCZRdy3rLKUY7aoNgQ",
    "caption": "aqila sabila colmek",
    "command": "aqilasabilacolmek",
    "deleted": false
  },
  {
    "id": 33,
    "title": "si cantik bening",
    "fileId": "BAACAgUAAxkBAAIMmWkz6nLpemcxu6g9w87YRGL6VnEDAALZHAACXvyQV_cD-7Kq81FWNgQ",
    "caption": "si cantik bening",
    "command": "sicantikbening",
    "deleted": false
  },
  {
    "id": 34,
    "title": "spidergirl V1",
    "fileId": "BAACAgEAAxkBAAIM2mkz6uTQpaVlVsJsD8nLHl5uS3flAAKpCQACnRCZRTWjPch9ZnQ1NgQ",
    "caption": "spidergirl V1",
    "command": "spidergirlv1",
    "deleted": false
  },
  {
    "id": 35,
    "title": "spidergirl V2",
    "fileId": "BAACAgEAAxkBAAIM2Wkz6uRcdOaPukPUATf-aQABUZRGQwACqgkAAp0QmUXAMwd1JBr31zYE",
    "caption": "spidergirl V2",
    "command": "spidergirlv2",
    "deleted": false
  },
  {
    "id": 36,
    "title": "diayun Semok",
    "fileId": "BAACAgUAAxkBAAIOS2k0A3_-Ex5yXXVSiPwsxJJF7GH6AAIdGwAC5ChxVRMoO5DaRq7BNgQ",
    "caption": "diayun Semok",
    "command": "diayunsemok",
    "deleted": false
  },
  {
    "id": 37,
    "title": "hijab eksib V1",
    "fileId": "BAACAgUAAxkBAAITCmk0muW0h260ad6eZ8iqBLubO-KSAAL2GAACQmKhVYYIMNGeq7FFNgQ",
    "caption": "hijab eksib V1",
    "command": "hijabeksibv1",
    "deleted": false
  },
  {
    "id": 38,
    "title": "hijab eksib V2",
    "fileId": "BAACAgUAAxkBAAITC2k0muUDBCbuZqnq8VAuYH1pIBq9AAIEGQACQmKhVbuvPr316Cg-NgQ",
    "caption": "hijab eksib V2",
    "command": "hijabeksibv2",
    "deleted": false
  },
  {
    "id": 39,
    "title": "hijab eksib V3",
    "fileId": "BAACAgUAAxkBAAITDGk0muUry-nNjmB2Gec9Ml54CpXcAALeGAACQmKhVXwUaRIi5AsBNgQ",
    "caption": "hijab eksib V3",
    "command": "hijabeksibv3",
    "deleted": false
  },
  {
    "id": 40,
    "title": "ughtea stress",
    "fileId": "BAACAgUAAxkBAAIVq2k1j416gQscuvxRilDNPmgEQU4HAAJ5DgACYPnxVv_ISX5udc-bNgQ",
    "caption": "ughtea stress",
    "command": "ughteastress",
    "deleted": false
  },
  {
    "id": 41,
    "title": "perawat toge",
    "fileId": "BAACAgUAAxkBAAIV72k1j7t82OrJA3TvJNapgdpraC73AAICHgACrp2QVfJkrZCZ71hGNgQ",
    "caption": "perawat toge",
    "command": "perawattoge",
    "deleted": false
  },
  {
    "id": 42,
    "title": "caseyyap tembem",
    "fileId": "BAACAgUAAxkBAAIWS2k1kAl1xtHAvUuOc3GO6FSRgr__AAJZGwAC7lSgVYFJxi3arl16NgQ",
    "caption": "caseyyap tembem",
    "command": "caseyyaptembem",
    "deleted": false
  },
  {
    "id": 43,
    "title": "talent naraa",
    "fileId": "BAACAgEAAxkBAAIWnmk1kDhqe2TDhFcZ7Ce5GAUS3LUOAAIBBwAClXi4RK5nil3mZ6wmNgQ",
    "caption": "talent naraa",
    "command": "talentnaraa",
    "deleted": false
  },
  {
    "id": 44,
    "title": "kolpri si eksib v1",
    "fileId": "BAACAgUAAxkBAAIW82k1kGS8hoayjP6xuSh3ZlHKm4TxAALnGAACQmKhVTMWCFWf3jjANgQ",
    "caption": "kolpri si eksib v1",
    "command": "kolprisieksibv1",
    "deleted": false
  },
  {
    "id": 45,
    "title": "kolpri si eksib v2",
    "fileId": "BAACAgUAAxkBAAIW9Gk1kGTzChN9IoQsR935C9smv6WHAALiGAACQmKhVUGBt-MqeBwTNgQ",
    "caption": "kolpri si eksib v2",
    "command": "kolprisieksibv2",
    "deleted": false
  },
  {
    "id": 46,
    "title": "beyjanee",
    "fileId": "BAACAgEAAxkBAAIXWGk1kJseVlknlCK7ksxX9nrbOxopAALyDgACN9yoRcqO6zVnocm_NgQ",
    "caption": "beyjanee",
    "command": "beyjanee",
    "deleted": false
  },
  {
    "id": 47,
    "title": "dede esema",
    "fileId": "BAACAgUAAxkBAAIXsmk1kMnQkRKdEtYnEiWCwwZEhQfuAAIKIgACSHJhVfPEOc8UeXFdNgQ",
    "caption": "dede esema",
    "command": "dedeesema",
    "deleted": false
  },
  {
    "id": 48,
    "title": "hijab skin spidergirl",
    "fileId": "BAACAgQAAxkBAAIYYWk1kUt97XZNyLwLViQDD-2qVgY5AALlGwAC8YhhUdiSvyfiuGjbNgQ",
    "caption": "hijab skin spidergirl",
    "command": "hijabskinspidergirl",
    "deleted": false
  },
  {
    "id": 49,
    "title": "iclik msbreewc sampe muntah",
    "fileId": "BAACAgUAAxkBAAIZa2k1nMetmpszRNGjuhurP45S8vnGAAJbFwACWTyZVR_axvtien-jNgQ",
    "caption": "iclik msbreewc sampe muntah",
    "command": "iclikmsbreewcsampemuntah",
    "deleted": false
  },
  {
    "id": 50,
    "title": "pijat secret therapy",
    "fileId": "BAACAgEAAxkBAAIZamk1nMfI7Pd1dYRDmSfNLfjOD16xAAI6AwACaXQoR_fzJRAjLE0AATYE",
    "caption": "pijat secret therapy",
    "command": "pijatsecrettherapy",
    "deleted": false
  },
  {
    "id": 51,
    "title": "Hijab Trisom",
    "fileId": "BAACAgQAAxkBAAIfLWk2_vtXl5YNe1vj7uKqnl_Ai2LSAAIxHAACJmNJUCEzBgk-c3xcNgQ",
    "caption": "Hijab Trisom",
    "command": "hijabtrisom",
    "deleted": false
  },
  {
    "id": 52,
    "title": "hijab serfong di semak²",
    "fileId": "BAACAgEAAxkBAAIfj2k2_7kkHc4K32N6Fm8sGerQ_pN_AAJzBQACyHqwRR3BjHAY0RnfNgQ",
    "caption": "hijab serfong di semak²",
    "command": "hijabserfongdisemak",
    "deleted": false
  },
  {
    "id": 53,
    "title": "eksib hyper",
    "fileId": "BAACAgUAAxkBAAIf8Wk3AAEdMi6GhLzfk49eqjRTzGKg9wAC8xgAAkJioVX5jKQc-U6dMzYE",
    "caption": "eksib hyper",
    "command": "eksibhyper",
    "deleted": false
  },
  {
    "id": 54,
    "title": "BocilColmek",
    "fileId": "BAACAgUAAxkBAAIgc2k3AAHXpRXqNatBYWQjEOA6xyqaywACVBoAAgl5qVWbH5vQ1g-PyTYE",
    "caption": "BocilColmek",
    "command": "bocilcolmek",
    "deleted": false
  },
  {
    "id": 55,
    "title": "Hijab Malay",
    "fileId": "BAACAgUAAxkBAAIge2k3ATdGkIhO07ZBsotymaYWNvPUAALCGwACxE4gVgqpHSMi-diyNgQ",
    "caption": "Hijab Malay",
    "command": "hijabmalay",
    "deleted": false
  },
  {
    "id": 56,
    "title": "dede syenna V1",
    "fileId": "BAACAgEAAxkBAAIl62k4BLzdpXAEP_SQ1uxHYvbe3WgSAAJ-BwACyHq4RYtTE6svUaibNgQ",
    "caption": "dede syenna V1",
    "command": "dedesyennav1",
    "deleted": false
  },
  {
    "id": 57,
    "title": "dede syenna V2",
    "fileId": "BAACAgEAAxkBAAIl7Wk4BLzgqIKAXHhPcBlSkzvjtStLAAIBCAACyHrARdU6RNR5fu-LNgQ",
    "caption": "dede syenna V2",
    "command": "dedesyennav2",
    "deleted": false
  },
  {
    "id": 58,
    "title": "Tante Pirang",
    "fileId": "BAACAgUAAxkBAAImUWk4BQrxvj7nbK8whTK-TRgxwvbFAAItGgACf464VQ1DTZzSqSDKNgQ",
    "caption": "Tante Pirang",
    "command": "tantepirang",
    "deleted": false
  },
  {
    "id": 59,
    "title": "Tt Pulen V1",
    "fileId": "BAACAgUAAxkBAAImUmk4BQrbDUKO8jmf2K3KJyzqGvqbAAJ0GAAChV5BVPrTTD_a7BKtNgQ",
    "caption": "Tt Pulen V1",
    "command": "ttpulenv1",
    "deleted": false
  },
  {
    "id": 60,
    "title": "Tt Pulen V2",
    "fileId": "BAACAgUAAxkBAAImU2k4BQpAYwuSRLcxGWBYg1vdyx6nAAJvGAAChV5BVHGrpFR3CroGNgQ",
    "caption": "Tt Pulen V2",
    "command": "ttpulenv2",
    "deleted": false
  },
  {
    "id": 61,
    "title": "lauraaa skin kantor",
    "fileId": "BAACAgQAAxkBAAInkGk4BYohINWSo2q29dVGN5OAjr-CAALjGwAC8YhhUZEd5_zUTGxANgQ",
    "caption": "lauraaa skin kantor",
    "command": "lauraaaskinkantor",
    "deleted": false
  },
  {
    "id": 62,
    "title": "segs with ayank V1",
    "fileId": "BAACAgUAAxkBAAIq6Gk7eW5DFUFoc_n9wkVq3U0cvMI5AALbHAACXvyQV4gkkPW5yaeTNgQ",
    "caption": "segs with ayank V1",
    "command": "segswithayankv1",
    "deleted": false
  },
  {
    "id": 63,
    "title": "segs with ayank V2",
    "fileId": "BAACAgUAAxkBAAIq6Wk7eW4ookzW-rBOo9M6nyJA-xkxAALcHAACXvyQV9k0pwAB_6tPDTYE",
    "caption": "segs with ayank V2",
    "command": "segswithayankv2",
    "deleted": false
  },
  {
    "id": 64,
    "title": "hijab nakal slave",
    "fileId": "BAACAgUAAxkBAAIrC2k7eboO0CQeSYB7wCMxiT3MxirpAAIwGgACicWxVVu7d6Zm0BTANgQ",
    "caption": "hijab nakal slave",
    "command": "hijabnakalslave",
    "deleted": false
  },
  {
    "id": 65,
    "title": "diva tiktok twocil",
    "fileId": "BAACAgUAAxkBAAIrHGk7ehMZiDTzCRVUFWVCiwABIJRXcAACMRkAAutOsVW3Z7lGuIufRzYE",
    "caption": "diva tiktok twocil",
    "command": "divatiktoktwocil",
    "deleted": false
  },
  {
    "id": 66,
    "title": "lola zieta mulus V1",
    "fileId": "BAACAgUAAxkBAAIrK2k7ejpNFlWV5A9mFm1pI3u8faN6AAILHAACyOnAVberAAEumQRRVjYE",
    "caption": "lola zieta mulus V1",
    "command": "lolazietamulusv1",
    "deleted": false
  },
  {
    "id": 67,
    "title": "lola zieta mulus V2",
    "fileId": "BAACAgUAAxkBAAIrLGk7ejoJ5X5yJwT8qLv00pYpzbuoAAIKGAACpyOwVjn9VlC_iGYCNgQ",
    "caption": "lola zieta mulus V2",
    "command": "lolazietamulusv2",
    "deleted": false
  },
  {
    "id": 68,
    "title": "Video 68",
    "fileId": "BAACAgUAAxkBAAIrXGk7ep09jNlV7BzYlzp5A06EFeY6AAL1GwACxE4gVhH2mpnemZd_NgQ",
    "caption": "Video 68",
    "command": "video68",
    "deleted": false
  },
  {
    "id": 69,
    "title": "hijab crot dalem v1",
    "fileId": "BAACAgUAAxkBAAIrcmk7euvBZoeBOzvMzwScLqmG_hcBAAIbFwACBwf4VDMoqG6tSW1DNgQ",
    "caption": "hijab crot dalem v1",
    "command": "hijabcrotdalemv1",
    "deleted": false
  },
  {
    "id": 70,
    "title": "hijab crot dalem v2",
    "fileId": "BAACAgUAAxkBAAIrc2k7eusdfLFmEU6coMBLlCTG2TwqAAIWFwACBwf4VKHWQXIFMfztNgQ",
    "caption": "hijab crot dalem v2",
    "command": "hijabcrotdalemv2",
    "deleted": false
  },
  {
    "id": 71,
    "title": "tembem dan besar",
    "fileId": "BAACAgUAAxkBAAIrnmk7e0d5Etdu-ClsqZ8jq4WN6DpQAAJRGAACeNDoVtAAAYPfi8UZ-jYE",
    "caption": "tembem dan besar",
    "command": "tembemdanbesar",
    "deleted": false
  },
  {
    "id": 72,
    "title": "zizi kolpri, pramuka V1",
    "fileId": "BAACAgEAAxkBAAIrsWk7e7CeobABk5YFetNJmbJcEf_5AALQBgACZ9PRRWpD4pEw2S0TNgQ",
    "caption": "zizi kolpri, pramuka V1",
    "command": "zizikolpripramukav1",
    "deleted": false
  },
  {
    "id": 73,
    "title": "zizi kolpri, pramuka V2",
    "fileId": "BAACAgEAAxkBAAIrsmk7e7BbR2BcHNCKrHwOccSe8A28AALRBgACZ9PRRXbfvs3AxZimNgQ",
    "caption": "zizi kolpri, pramuka V2",
    "command": "zizikolpripramukav2",
    "deleted": false
  },
  {
    "id": 74,
    "title": "serfong konbrut ayang",
    "fileId": "BAACAgUAAxkBAAIr12k7e_EFfSMtGjj_lxLRR6zifQABLwACSBcAAuhaqFdUSgWVZty9jjYE",
    "caption": "serfong konbrut ayang",
    "command": "serfongkonbrutayang",
    "deleted": false
  },
  {
    "id": 75,
    "title": "rachel nenbrut V1",
    "fileId": "BAACAgUAAxkBAAIumWk8Q2RHTB1ofF6FhEohnPRVN_4qAALIHQAC5seZVdTBCrC6FtWINgQ",
    "caption": "rachel nenbrut V1",
    "command": "rachelnenbrutv1",
    "deleted": false
  },
  {
    "id": 76,
    "title": "rachel nenbrut V2",
    "fileId": "BAACAgUAAxkBAAIummk8Q2TxyWPm-_Cv5yX8myeNUvLsAALDHQAC5seZVWmAJDv3_xImNgQ",
    "caption": "rachel nenbrut V2",
    "command": "rachelnenbrutv2",
    "deleted": false
  },
  {
    "id": 77,
    "title": "susunya kenyel",
    "fileId": "BAACAgEAAxkBAAIu62k8Q7JzM6llbW5pZlop8nLXafTgAALzBQAClXjARLj6WOT9luBWNgQ",
    "caption": "susunya kenyel",
    "command": "susunyakenyel",
    "deleted": false
  },
  {
    "id": 78,
    "title": "dede sania esema",
    "fileId": "BAACAgEAAxkBAAIvGmk8Q_gHUibxcrUrz3h_6MOsf69cAALgBQACZ9PZRTdSzmMnlTwbNgQ",
    "caption": "dede sania esema",
    "command": "dedesaniaesema",
    "deleted": false
  },
  {
    "id": 79,
    "title": "dede sania V1",
    "fileId": "BAACAgEAAxkBAAIvVGk8RJ2b8O1uEjXFHV2Xp-CwBmBhAALiBQACZ9PZRa9K5rEQouayNgQ",
    "caption": "dede sania V1",
    "command": "dedesaniav1",
    "deleted": false
  },
  {
    "id": 80,
    "title": "dede sania V2",
    "fileId": "BAACAgEAAxkBAAIvVWk8RJ080GWc2nVVAAHOIv-GMSvT6QAC4wUAAmfT2UX6JAAB7DutBCE2BA",
    "caption": "dede sania V2",
    "command": "dedesaniav2",
    "deleted": false
  },
  {
    "id": 81,
    "title": "chava alena",
    "fileId": "BAACAgEAAxkBAAIvsGk8RgJLqAZg0bsKEYRFLgVoYtbEAAL9BQACZ9PZRZ8C87T6xyrONgQ",
    "caption": "chava alena",
    "command": "chavaalena",
    "deleted": false
  },
  {
    "id": 82,
    "title": "binor toblut",
    "fileId": "BAACAgEAAxkBAAIvsWk8RgIHPeU1N0qeqJjnIJOZ-hldAAL2BQACZ9PZRa1agpiLi39PNgQ",
    "caption": "binor toblut",
    "command": "binortoblut",
    "deleted": false
  },
  {
    "id": 83,
    "title": "talent lauraa",
    "fileId": "BAACAgEAAxkBAAIxjWk8jTj9RZ0jzdGQwLWQyYTNNSXrAAIHBgACZ9PZRSr9nnNkm8q4NgQ",
    "caption": "talent lauraa",
    "command": "talentlauraa",
    "deleted": false
  },
  {
    "id": 84,
    "title": "kayesha segtep",
    "fileId": "BAACAgEAAxkBAAIxw2k8jYLa9LXaxATJ4rDvPGFiFDs3AAIJBgACZ9PZRYlSOAtZWvxCNgQ",
    "caption": "kayesha segtep",
    "command": "kayeshasegtep",
    "deleted": false
  },
  {
    "id": 85,
    "title": "kayesha segtep V1",
    "fileId": "BAACAgEAAxkBAAIxxGk8jYKfTZ7n3hHx8OXsoKrz6369AAIKBgACZ9PZRZdGwDAiRkC4NgQ",
    "caption": "kayesha segtep V1",
    "command": "kayeshasegtepv1",
    "deleted": false
  },
  {
    "id": 86,
    "title": "crot di muka",
    "fileId": "BAACAgEAAxkBAAIyI2k8jciI-jzWOp7sRtPQouQaWWb4AAIbBgACZ9PZRU3TJGu3A2L0NgQ",
    "caption": "crot di muka",
    "command": "crotdimuka",
    "deleted": false
  },
  {
    "id": 87,
    "title": "ayang minta jatah",
    "fileId": "BAACAgEAAxkBAAIycGk8k3ruAz9dtd0hzRwMOBHQZfRkAAIEBgACZ9PZRV5CZoP9he3hNgQ",
    "caption": "ayang minta jatah",
    "command": "ayangmintajatah",
    "deleted": false
  },
  {
    "id": 88,
    "title": "gurih cewenya",
    "fileId": "BAACAgEAAxkBAAI6dmlANet5beNyLn2KvSEcnScOR4X_AAJrBgAC_yDBRSyCetwVXjBqNgQ",
    "caption": "gurih cewenya",
    "command": "gurihcewenya",
    "deleted": false
  },
  {
    "id": 89,
    "title": "kayesha skin pelajar",
    "fileId": "BAACAgEAAxkBAAI6pmlANoMXRu3Ia_BhlBm7d6uTJKGuAALyBQACZ9PhRbM-Zvis5U-XNgQ",
    "caption": "kayesha skin pelajar",
    "command": "kayeshaskinpelajar",
    "deleted": false
  },
  {
    "id": 90,
    "title": "kayesha skin pelajar V1",
    "fileId": "BAACAgEAAxkBAAI6p2lANoPP6IoBpx5xiQagTZHfQ_KVAALzBQACZ9PhRWpv_rS7TkjBNgQ",
    "caption": "kayesha skin pelajar V1",
    "command": "kayeshaskinpelajarv1",
    "deleted": false
  },
  {
    "id": 91,
    "title": "masih pink bawahnya",
    "fileId": "BAACAgUAAxkBAAI6-mlANwyhlG5NWGdm34lXsepsyQZDAAL8GgACB56ZVf6rnSXu4ieyNgQ",
    "caption": "masih pink bawahnya",
    "command": "masihpinkbawahnya",
    "deleted": false
  },
  {
    "id": 92,
    "title": "hijab colmek",
    "fileId": "BAACAgEAAxkBAAI7MWlAN-RL6yt05KmOUetke0Nlbb7nAAJBBwACCRLhRT_kCqKgJn9JNgQ",
    "caption": "hijab colmek",
    "command": "hijabcolmek",
    "deleted": false
  },
  {
    "id": 93,
    "title": "miaa tiktok V1",
    "fileId": "BAACAgUAAxkBAAI7VmlAODDuub6OLS8YBx-HpExxLbveAAI_IAACRTjZVaY3lhLkhnxQNgQ",
    "caption": "miaa tiktok V1",
    "command": "miaatiktokv1",
    "deleted": false
  },
  {
    "id": 94,
    "title": "miaa tiktok V2",
    "fileId": "BAACAgUAAxkBAAI7VmlAODDuub6OLS8YBx-HpExxLbveAAI_IAACRTjZVaY3lhLkhnxQNgQ",
    "caption": "miaa tiktok V2",
    "command": "miaatiktokv2",
    "deleted": false
  },
  {
    "id": 95,
    "title": "dede susilawati",
    "fileId": "BAACAgEAAxkBAAI7nGlAOQR4E4VByRD0yqoWZBROcz4gAAJjBwACCRLhRVvBwdQPnaYkNgQ",
    "caption": "dede susilawati",
    "command": "dedesusilawati",
    "deleted": false
  },
  {
    "id": 96,
    "title": "dede susilawati V1",
    "fileId": "BAACAgEAAxkBAAI7nWlAOQSqUky50oJKW21ijZckYGphAAJkBwACCRLhRbWLPaTcYlgINgQ",
    "caption": "dede susilawati V1",
    "command": "dedesusilawativ1",
    "deleted": false
  },
  {
    "id": 97,
    "title": "ngwntod ANAK  SMP",
    "fileId": "BAACAgUAAxkBAAI752lAOXOn9RTcDgvVa3PQkdgOjyxQAAJWHAAC_RDgVZzGvrUkOl--NgQ",
    "caption": "ngwntod ANAK  SMP",
    "command": "ngwntodanaksmp",
    "deleted": false
  },
  {
    "id": 98,
    "title": "ngwntod ANAK  SMP V1",
    "fileId": "BAACAgUAAxkBAAI76GlAOXOOWouHZdMIQMcnndOqGtcCAAJVHAAC_RDgVZ6ymCx8_4s8NgQ",
    "caption": "ngwntod ANAK  SMP V1",
    "command": "ngwntodanaksmpv1",
    "deleted": false
  },
  {
    "id": 99,
    "title": "arachu",
    "fileId": "BAACAgUAAxkBAAI8MWlAOcvaPyTIIys3Y6JDaT8-pi46AAJdFQACpHGJVH0j_3PYWNl0NgQ",
    "caption": "arachu",
    "command": "arachu",
    "deleted": false
  },
  {
    "id": 100,
    "title": "arachu V1",
    "fileId": "BAACAgUAAxkBAAI8MmlAOcswAvyEJlOMaCTSvNkoJ0BgAAJfFQACpHGJVHv3Kqg05yqnNgQ",
    "caption": "arachu V1",
    "command": "arachuv1",
    "deleted": false
  }
]